{
  "games":[
    {
      "id": 0,
      "icon": "0",
      "date": [5]
    },
    {
      "id": 1,
      "icon": "1",
      "date": [21]
    },
    {
      "id": 2,
      "icon": "2",
      "date": [6,7,8,9,10,11,12]
    },
    {
      "id": 3,
      "icon": "3",
      "date": [12,13,14,15,16,17,18,19,20,21]
    },
    {
      "id": 4,
      "icon": "4",
      "date": [11,12,13,14,15,16,17,18,19,20]
    },
    {
      "id": 5,
      "icon": "5",
      "date": [6,7,8,9,10,11,12,13,14,15,16,17,18,19,20,21]
    },
    {
      "id": 6,
      "icon": "6",
      "date": [6,7,8,9,10,11,12,13,14,15,16,17,18,19,20,21]
    },
    {
      "id": 7,
      "icon": "7",
      "date": [7,8,9,10,11]
    },
    {
      "id": 8,
      "icon": "8",
      "date": [15,16,17,18,19,20]
    },
    {
      "id": 9,
      "icon": "9",
      "date": [6,7,10]
    },
    {
      "id": 10,
      "icon": "10",
      "date": [11,12,13,14,15,16]
    },
    {
      "id": 11,
      "icon": "11",
      "date": [17,18,19]
    },
    {
      "id": 12,
      "icon": "12",
      "date": [20,21]
    },
    {
      "id": 13,
      "icon": "13",
      "date": [7,8,9,10,12,13,14,15,16,17,18,19,20]
    },
    {
      "id": 14,
      "icon": "14",
      "date": [6,7,8,9,10,11,12,14,15,16,17,19]
    },
    {
      "id": 15,
      "icon": "15",
      "date": [6,7,8,9,10,11,12,13,14]
    },
    {
      "id": 16,
      "icon": "16",
      "date": [6,7,8,9,10,11,12,13,14,15,16,17,18,19,20]
    },
    {
      "id": 17,
      "icon": "17",
      "date": [3,4,6,7,9,10,12,13,16,17,19,20]
    },
    {
      "id": 18,
      "icon": "18",
      "date": [11,12,13,14,17,18,19,20]
    },
    {
      "id": 19,
      "icon": "19",
      "date": [6,7,8,9,10,11,14,15,16,17]
    },
    {
      "id": 20,
      "icon": "20",
      "date": [19,20,21]
    },
    {
      "id": 21,
      "icon": "21",
      "date": [12,13]
    },
    {
      "id": 22,
      "icon": "22",
      "date": [6,7,8,9,10,11,12,13,14,15,16,17,18,19,20,21]
    },
    {
      "id": 23,
      "icon": "23",
      "date": [6,7,8,9,10,11,12]
    },
    {
      "id": 24,
      "icon": "24",
      "date": [18,19,20]
    },
    {
      "id": 25,
      "icon": "25",
      "date": [6,7,8,9,10,11,12,13]
    },
    {
      "id": 26,
      "icon": "26",
      "date": [6,7,8,9,10,11]
    },
    {
      "id": 27,
      "icon": "27",
      "date": [8,9,10,11,12,13,14,15,16,17,18]
    },
    {
      "id": 28,
      "icon": "28",
      "date": [6,7,8,9,10,11,12,13,14]
    },
    {
      "id": 29,
      "icon": "29",
      "date": [6,7,8,9,10,11,12,13,14,15,16]
    },
    {
      "id": 30,
      "icon": "30",
      "date": [14,15,16,18,19]
    },
    {
      "id": 31,
      "icon": "31",
      "date": [6,7,8,9,10,11,12,13,14,15,16,17]
    },
    {
      "id": 32,
      "icon": "32",
      "date": [17,18,19,20]
    },
    {
      "id": 33,
      "icon": "33",
      "date": [6,7,8,9,10,11,12,13,14]
    },
    {
      "id": 34,
      "icon": "34",
      "date": [18,20]
    },
    {
      "id": 35,
      "icon": "35",
      "date": [6,7,8,9,10,11,12,13,14,15,16,17,18,19]
    },
    {
      "id": 36,
      "icon": "36",
      "date": [6,7,8,9,10,11,12,13,14,15,16,17,18,19,20,21]
    },
    {
      "id": 37,
      "icon": "37",
      "date": [6,8,9,10,11,12,13,14,15,16,17,18,19,20]
    },
    {
      "id": 38,
      "icon": "38",
      "date": [6,7,8,9,10,12,13,14,15,16]
    },
    {
      "id": 39,
      "icon": "39",
      "date": [14,15,16,17,18,19,20,21]
    }
  ]
}